Scan Time,UTC Time,Latitude (deg),Longitude (deg),Altitude (m),Easting (m),Northing (m),COG (deg),SOG (km/h),Dead Reckoning,Num SVs,HDOP,
0.0608333333333333,2019:09:29:20:07:23.0,39.257985,-76.7051716666667,74.1,0,0,26.89,0.1,0,5,209,
0.260833333333333,2019:09:29:20:07:23.2,39.257985,-76.7051716666667,74.1,0,0,26.89,0,0,5,209,
0.459166666666667,2019:09:29:20:07:23.4,39.257985,-76.7051716666667,74.1,0,0,26.89,0.1,0,5,209,
0.659166666666667,2019:09:29:20:07:23.6,39.257985,-76.7051716666667,74.1,0,0,26.89,0,0,5,209,
0.860833333333333,2019:09:29:20:07:23.8,39.257985,-76.7051716666667,74.1,0,0,26.89,0,0,5,160,
1.06,2019:09:29:20:07:24.0,39.257985,-76.7051716666667,74.1,0,0,26.89,0.1,0,5,160,
1.25916666666667,2019:09:29:20:07:24.2,39.257985,-76.70517,74.1,0,0,26.89,0.1,0,5,209,
1.46,2019:09:29:20:07:24.4,39.257985,-76.70517,74.1,0,0,26.89,0,0,5,209,
1.66,2019:09:29:20:07:24.6,39.257985,-76.70517,74.1,0,0,26.89,0,0,5,209,
1.86,2019:09:29:20:07:24.8,39.257985,-76.70517,74.1,0,0,26.89,0,0,5,209,
2.06,2019:09:29:20:07:25.0,39.257985,-76.70517,74.1,0,0,26.89,0,0,5,209,
2.26083333333333,2019:09:29:20:07:25.2,39.257985,-76.70517,74.1,0,0,26.89,0.1,0,5,209,
2.65916666666667,2019:09:29:20:07:25.6,39.257985,-76.70517,74.1,0,0,26.89,0,0,5,209,
2.85916666666667,2019:09:29:20:07:25.8,39.257985,-76.70517,74.1,0,0,26.89,0.1,0,5,209,
3.06,2019:09:29:20:07:26.0,39.257985,-76.70517,74.1,0,0,26.89,0,0,5,209,
3.25916666666667,2019:09:29:20:07:26.2,39.257985,-76.70517,74.1,0,0,26.89,0,0,5,209,
3.46166666666667,2019:09:29:20:07:26.4,39.257985,-76.70517,74.1,0,0,26.89,0.1,0,5,209,
3.66083333333333,2019:09:29:20:07:26.6,39.257985,-76.70517,74.1,0,0,26.89,0,0,5,160,
3.8625,2019:09:29:20:07:26.8,39.257985,-76.70517,74.1,0,0,26.89,0,0,5,160,
4.06,2019:09:29:20:07:27.0,39.257985,-76.70517,74.1,0,0,26.89,0.1,0,5,209,
4.25916666666667,2019:09:29:20:07:27.2,39.257985,-76.70517,74.1,0,0,26.89,0.1,0,5,209,
4.46,2019:09:29:20:07:27.4,39.257985,-76.70517,74.1,0,0,26.89,0,0,5,209,
4.66083333333333,2019:09:29:20:07:27.6,39.257985,-76.70517,74.1,0,0,26.89,0.1,0,5,209,
4.8575,2019:09:29:20:07:27.8,39.257985,-76.70517,74.1,0,0,26.89,0,0,5,209,
5.06,2019:09:29:20:07:28.0,39.257985,-76.70517,74.1,0,0,26.89,0.1,0,5,209,
5.25833333333333,2019:09:29:20:07:28.2,39.257985,-76.70517,74.1,0,0,26.89,0.1,0,5,209,
5.4625,2019:09:29:20:07:28.4,39.257985,-76.70517,74.1,0,0,26.89,0.1,0,5,209,
5.66083333333333,2019:09:29:20:07:28.6,39.257985,-76.70517,74.1,0,0,26.89,0.1,0,5,160,
5.86083333333333,2019:09:29:20:07:28.8,39.257985,-76.70517,74.1,0,0,26.89,0.1,0,5,160,
6.05916666666667,2019:09:29:20:07:29.0,39.257985,-76.70517,74.1,0,0,26.89,0.1,0,5,160,
6.25916666666667,2019:09:29:20:07:29.2,39.257985,-76.70517,74.1,0,0,26.89,0.1,0,5,160,
6.4625,2019:09:29:20:07:29.4,39.257985,-76.70517,74.1,0,0,26.89,0.1,0,5,160,
6.65916666666667,2019:09:29:20:07:29.6,39.257985,-76.70517,74.1,0,0,26.89,0,0,5,209,
6.85916666666667,2019:09:29:20:07:29.8,39.257985,-76.70517,74.1,0,0,26.89,0,0,5,209,
7.06083333333333,2019:09:29:20:07:30.0,39.257985,-76.70517,74.1,0,0,26.89,0,0,5,209,
7.26166666666667,2019:09:29:20:07:30.2,39.257985,-76.70517,74.1,0,0,26.89,0,0,5,209,
7.45916666666667,2019:09:29:20:07:30.4,39.257985,-76.70517,74.1,0,0,26.89,0.1,0,5,209,
7.6575,2019:09:29:20:07:30.6,39.257985,-76.70517,74.1,0,0,26.89,0,0,5,209,
7.85916666666667,2019:09:29:20:07:30.8,39.257985,-76.70517,74.1,0,0,26.89,0.1,0,5,209,
8.06166666666667,2019:09:29:20:07:31.0,39.257985,-76.70517,74.1,0,0,26.89,0.1,0,5,209,
8.25916666666667,2019:09:29:20:07:31.2,39.257985,-76.70517,74.1,0,0,26.89,0.1,0,5,209,
8.46,2019:09:29:20:07:31.4,39.257985,-76.70517,74.1,0,0,26.89,0,0,5,160,
8.65916666666667,2019:09:29:20:07:31.6,39.257985,-76.70517,74.1,0,0,26.89,0.1,0,5,209,
8.85916666666667,2019:09:29:20:07:31.8,39.257985,-76.70517,74.1,0,0,26.89,0.1,0,5,209,
9.0625,2019:09:29:20:07:32.0,39.257985,-76.70517,74.1,0,0,26.89,0.1,0,5,209,
9.25916666666667,2019:09:29:20:07:32.2,39.257985,-76.70517,74.1,0,0,26.89,0,0,5,209,
9.46083333333333,2019:09:29:20:07:32.4,39.257985,-76.70517,74.1,0,0,26.89,0.1,0,5,209,
9.65833333333333,2019:09:29:20:07:32.6,39.257985,-76.70517,74.1,0,0,26.89,0.3,0,5,209,
9.85916666666667,2019:09:29:20:07:32.8,39.257985,-76.70517,74.1,0,0,26.89,0.1,0,5,209,
10.0591666666667,2019:09:29:20:07:33.0,39.257985,-76.70517,74.1,0,0,26.89,0,0,5,209,
10.26,2019:09:29:20:07:33.2,39.257985,-76.70517,74.1,0,0,26.89,0.3,0,5,160,
10.4608333333333,2019:09:29:20:07:33.4,39.257985,-76.70517,74.1,0,0,26.89,0,0,5,160,
10.66,2019:09:29:20:07:33.6,39.257985,-76.70517,74.1,0,0,26.89,0.1,0,5,160,
10.8608333333333,2019:09:29:20:07:33.8,39.257985,-76.70517,74.1,0,0,26.89,0.3,0,5,160,
11.06,2019:09:29:20:07:34.0,39.257985,-76.70517,74.1,0,0,26.89,0.3,0,5,160,
11.2591666666667,2019:09:29:20:07:34.2,39.257985,-76.70517,74.1,0,0,26.89,0.3,0,5,160,
11.4633333333333,2019:09:29:20:07:34.4,39.257985,-76.70517,74.1,0,0,26.89,0.1,0,5,160,
11.6608333333333,2019:09:29:20:07:34.6,39.257985,-76.70517,74.1,0,0,26.89,0.1,0,5,160,
11.8616666666667,2019:09:29:20:07:34.8,39.257985,-76.70517,74.1,0,0,26.89,0.3,0,5,160,
12.06,2019:09:29:20:07:35.0,39.257985,-76.70517,74.1,0,0,26.89,0.3,0,5,160,
12.2591666666667,2019:09:29:20:07:35.2,39.257985,-76.70517,74.1,0,0,26.89,0,0,5,160,
12.4641666666667,2019:09:29:20:07:35.4,39.257985,-76.70517,74.1,0,0,26.89,0,0,5,160,
12.6608333333333,2019:09:29:20:07:35.6,39.257985,-76.70517,74.1,0,0,26.89,0,0,5,160,
12.8608333333333,2019:09:29:20:07:35.8,39.257985,-76.70517,74.1,0,0,26.89,0,0,5,160,
13.0625,2019:09:29:20:07:36.0,39.257985,-76.70517,74.1,0,0,26.89,0,0,5,160,
13.2608333333333,2019:09:29:20:07:36.2,39.257985,-76.70517,74.1,0,0,26.89,0,0,5,160,
13.4625,2019:09:29:20:07:36.4,39.257985,-76.70517,74.1,0,0,26.89,0.1,0,5,160,
13.6608333333333,2019:09:29:20:07:36.6,39.257985,-76.70517,74.1,0,0,26.89,0,0,5,160,
13.8608333333333,2019:09:29:20:07:36.8,39.257985,-76.70517,74.1,0,0,26.89,0,0,5,160,
14.06,2019:09:29:20:07:37.0,39.257985,-76.70517,74.1,0,0,26.89,0.1,0,5,160,
14.2616666666667,2019:09:29:20:07:37.2,39.257985,-76.70517,74.1,0,0,26.89,0.1,0,5,160,
14.4608333333333,2019:09:29:20:07:37.4,39.257985,-76.70517,74.1,0,0,26.89,0.1,0,5,160,
14.66,2019:09:29:20:07:37.6,39.257985,-76.70517,74.1,0,0,26.89,0.1,0,5,160,
14.86,2019:09:29:20:07:37.8,39.257985,-76.70517,74.1,0,0,26.89,0,0,5,160,
15.14,2019:09:29:20:07:38.0,39.257985,-76.70517,74.1,0,0,26.89,0,0,5,160,
15.2608333333333,2019:09:29:20:07:38.2,39.257985,-76.70517,74.1,0,0,26.89,0,0,5,160,
15.4625,2019:09:29:20:07:38.4,39.257985,-76.70517,74.1,0,0,26.89,0,0,5,160,
15.6591666666667,2019:09:29:20:07:38.6,39.257985,-76.70517,74.1,0,0,26.89,0,0,5,160,
15.8616666666667,2019:09:29:20:07:38.8,39.257985,-76.70517,74.1,0,0,26.89,0.1,0,5,160,
16.0608333333333,2019:09:29:20:07:39.0,39.257985,-76.70517,74.1,0,0,26.89,0,0,5,160,
16.2616666666667,2019:09:29:20:07:39.2,39.257985,-76.70517,74.1,0,0,26.89,0,0,5,160,
16.4633333333333,2019:09:29:20:07:39.4,39.257985,-76.70517,74.1,0,0,26.89,0,0,5,160,
16.66,2019:09:29:20:07:39.6,39.257985,-76.70517,74.1,0,0,26.89,0,0,5,160,
16.86,2019:09:29:20:07:39.8,39.257985,-76.70517,74.1,0,0,26.89,0,0,5,160,
17.0633333333333,2019:09:29:20:07:40.0,39.257985,-76.70517,74.1,0,0,26.89,0.1,0,5,160,
17.2616666666667,2019:09:29:20:07:40.2,39.257985,-76.70517,74.1,0,0,26.89,0.1,0,5,160,
17.4625,2019:09:29:20:07:40.4,39.257985,-76.70517,74.1,0,0,26.89,0,0,5,160,
17.66,2019:09:29:20:07:40.6,39.257985,-76.70517,74.1,0,0,26.89,0,0,5,160,
17.8591666666667,2019:09:29:20:07:40.8,39.257985,-76.70517,74.1,0,0,26.89,0.1,0,5,160,
18.0608333333333,2019:09:29:20:07:41.0,39.257985,-76.70517,74.1,0,0,26.89,0.1,0,5,160,
18.2608333333333,2019:09:29:20:07:41.2,39.257985,-76.70517,74.1,0,0,26.89,0.1,0,5,160,
18.4591666666667,2019:09:29:20:07:41.4,39.257985,-76.70517,74.1,0,0,26.89,0.1,0,5,160,
18.66,2019:09:29:20:07:41.6,39.257985,-76.70517,74.1,0,0,26.89,0.1,0,5,160,
18.8591666666667,2019:09:29:20:07:41.8,39.257985,-76.70517,74.1,0,0,26.89,0.1,0,5,160,
19.0583333333333,2019:09:29:20:07:42.0,39.257985,-76.70517,74.1,0,0,26.89,0.1,0,5,160,
19.26,2019:09:29:20:07:42.2,39.257985,-76.70517,74.1,0,0,26.89,0,0,5,160,
19.4616666666667,2019:09:29:20:07:42.4,39.257985,-76.70517,74.1,0,0,26.89,0.1,0,5,160,
19.6591666666667,2019:09:29:20:07:42.6,39.257985,-76.70517,74.1,0,0,26.89,0.3,0,5,160,
19.8591666666667,2019:09:29:20:07:42.8,39.257985,-76.70517,74.1,0,0,26.89,0,0,5,160,
20.0591666666667,2019:09:29:20:07:43.0,39.257985,-76.70517,74.1,0,0,26.89,0,0,5,209,
20.2616666666667,2019:09:29:20:07:43.2,39.257985,-76.70517,74.1,0,0,26.89,0,0,5,160,
20.4608333333333,2019:09:29:20:07:43.4,39.257985,-76.70517,74.1,0,0,26.89,0,0,5,160,
20.6616666666667,2019:09:29:20:07:43.6,39.257985,-76.70517,74.1,0,0,26.89,0.1,0,5,160,
20.8575,2019:09:29:20:07:43.8,39.257985,-76.70517,74.1,0,0,26.89,0.1,0,5,160,
21.0625,2019:09:29:20:07:44.0,39.257985,-76.70517,74.1,0,0,26.89,0.9,0,5,160,
21.2625,2019:09:29:20:07:44.2,39.257985,-76.70517,74.1,0,0,26.89,1.4,0,5,160,
21.4616666666667,2019:09:29:20:07:44.4,39.257985,-76.70517,74.1,0,0,26.89,0.9,0,5,160,
21.66,2019:09:29:20:07:44.6,39.257985,-76.70517,74.1,0,0,26.89,1.1,0,5,160,
21.8591666666667,2019:09:29:20:07:44.8,39.257985,-76.7051683333333,74.1,0,0,26.89,0,0,5,160,
22.06,2019:09:29:20:07:45.0,39.257985,-76.7051683333333,74.1,0,0,26.89,0.4,0,5,160,
22.26,2019:09:29:20:07:45.2,39.2579866666667,-76.7051683333333,74.1,0,0,26.89,1.4,0,5,160,
22.4625,2019:09:29:20:07:45.4,39.2579866666667,-76.7051666666667,74.1,0,0,103.59,0.7,0,5,160,
22.6625,2019:09:29:20:07:45.6,39.2579883333333,-76.7051633333333,74.1,0,0,61.59,2.4,0,5,160,
22.8616666666667,2019:09:29:20:07:45.8,39.25799,-76.7051616666667,74.1,0,0,61.2,1.9,0,5,160,
23.0666666666667,2019:09:29:20:07:46.0,39.2579916666667,-76.7051566666667,74.1,0,0,61.09,2.8,0,5,160,
23.2625,2019:09:29:20:07:46.2,39.257985,-76.7051166666667,74.1,0,0,97.09,11.9,0,5,160,
23.465,2019:09:29:20:07:46.4,39.2579816666667,-76.705105,74.1,0,0,104,15.6,0,5,160,
23.6608333333333,2019:09:29:20:07:46.6,39.25798,-76.7050933333333,74.1,0,0,104.8,18.5,0,5,160,
23.8625,2019:09:29:20:07:46.8,39.2579783333333,-76.705065,74.1,0,0,97.9,28.7,0,5,160,
24.0608333333333,2019:09:29:20:07:47.0,39.25798,-76.7050433333333,74.1,0,0,96,29.2,0,5,209,
24.2608333333333,2019:09:29:20:07:47.2,39.2579783333333,-76.7050233333333,74.1,0,0,95.4,30.9,0,5,160,
24.4633333333333,2019:09:29:20:07:47.4,39.2579766666667,-76.7050033333333,74.1,0,0,95.3,30.3,0,5,160,
24.6608333333333,2019:09:29:20:07:47.6,39.257975,-76.70498,74.1,0,0,95.4,31.8,0,5,160,
24.8616666666667,2019:09:29:20:07:47.8,39.2579733333333,-76.7049583333333,74.1,0,0,95.59,31.9,0,5,160,
25.0591666666667,2019:09:29:20:07:48.0,39.2579733333333,-76.7049333333333,74.1,0,0,95.4,33.7,0,5,160,
25.2616666666667,2019:09:29:20:07:48.2,39.25797,-76.70491,74.1,0,0,95.8,35,0,5,160,
25.46,2019:09:29:20:07:48.4,39.25797,-76.704885,74.1,0,0,95.3,36.6,0,5,160,
25.6591666666667,2019:09:29:20:07:48.6,39.2579683333333,-76.70486,74.1,0,0,94.8,36.5,0,5,160,
25.8591666666667,2019:09:29:20:07:48.8,39.2579666666667,-76.7048333333333,74,0,0,94.59,38.1,0,5,160,
26.06,2019:09:29:20:07:49.0,39.2579666666667,-76.704805,74,0,0,93.8,37.8,0,5,160,
26.2616666666667,2019:09:29:20:07:49.2,39.257965,-76.704775,74,0,0,94.19,39.2,0,5,160,
26.4633333333333,2019:09:29:20:07:49.4,39.257965,-76.7047466666667,74,0,0,93.19,39.7,0,5,160,
26.6616666666667,2019:09:29:20:07:49.6,39.2579666666667,-76.7047166666667,74,0,0,92.59,40.1,0,5,160,
26.8608333333333,2019:09:29:20:07:49.8,39.2579666666667,-76.7046866666667,74,0,0,92,40.6,0,5,160,
27.0625,2019:09:29:20:07:50.0,39.2579683333333,-76.7046566666667,73.9,0,0,90,39.3,0,5,160,
27.26,2019:09:29:20:07:50.2,39.2579666666667,-76.7046283333333,73.9,0,0,91.8,40.7,0,5,160,
27.4625,2019:09:29:20:07:50.4,39.257965,-76.7045983333333,73.9,0,0,94,41.7,0,5,160,
27.6625,2019:09:29:20:07:50.6,39.2579566666667,-76.7045666666667,73.7,0,0,104.8,41.9,0,5,160,
27.8625,2019:09:29:20:07:50.8,39.2579516666667,-76.7045366666667,73.5,0,0,110.59,41.8,0,5,160,
28.0591666666667,2019:09:29:20:07:51.0,39.2579433333333,-76.7045133333333,73.4,0,0,111.4,42.1,0,5,160,
28.26,2019:09:29:20:07:51.2,39.2579366666667,-76.7045033333333,73.3,0,0,113.69,34.9,0,5,160,
28.4641666666667,2019:09:29:20:07:51.4,39.25792,-76.7044966666667,73.2,0,0,131.8,32.3,0,5,160,
28.6608333333333,2019:09:29:20:07:51.6,39.2579083333333,-76.7044816666667,73.2,0,0,137.5,31.6,0,5,160,
28.8608333333333,2019:09:29:20:07:51.8,39.257895,-76.70447,73.1,0,0,142.6,31.3,0,5,160,
29.0641666666667,2019:09:29:20:07:52.0,39.2578833333333,-76.7044616666667,73,0,0,148.89,30.7,0,5,160,
29.26,2019:09:29:20:07:52.2,39.2578683333333,-76.7044516666667,72.9,0,0,153.3,31.3,0,5,160,
29.46,2019:09:29:20:07:52.4,39.257855,-76.704445,72.9,0,0,158,30.5,0,5,160,
29.6608333333333,2019:09:29:20:07:52.6,39.2578416666667,-76.7044416666667,72.8,0,0,160.8,28.8,0,5,160,
29.8608333333333,2019:09:29:20:07:52.8,39.2578266666667,-76.7044383333333,72.7,0,0,162.39,28.9,0,5,160,
30.0608333333333,2019:09:29:20:07:53.0,39.257815,-76.7044316666667,72.7,0,0,161.39,29,0,5,160,
30.2608333333333,2019:09:29:20:07:53.2,39.2578016666667,-76.70443,72.6,0,0,165.39,28.9,0,5,160,
30.4616666666667,2019:09:29:20:07:53.4,39.2577883333333,-76.704425,72.6,0,0,165.6,27.7,0,5,160,
30.66,2019:09:29:20:07:53.6,39.257775,-76.70442,72.5,0,0,165.8,26.2,0,5,160,
30.8608333333333,2019:09:29:20:07:53.8,39.2577633333333,-76.7044133333333,72.5,0,0,167.39,29.4,0,5,160,
31.0608333333333,2019:09:29:20:07:54.0,39.2577516666667,-76.7044083333333,72.4,0,0,168.8,28.9,0,5,160,
31.2616666666667,2019:09:29:20:07:54.2,39.2577383333333,-76.7044033333333,72.3,0,0,170.1,28.7,0,5,209,
31.4575,2019:09:29:20:07:54.4,39.2577266666667,-76.7044,72.2,0,0,172.39,28.9,0,5,209,
31.6608333333333,2019:09:29:20:07:54.6,39.2577133333333,-76.7043983333333,72.2,0,0,174.1,29.3,0,5,160,
31.8583333333333,2019:09:29:20:07:54.8,39.2576983333333,-76.7043983333333,72.1,0,0,176.6,29.1,0,5,160,
32.0583333333333,2019:09:29:20:07:55.0,39.2576833333333,-76.7044,72.1,0,0,179.8,31.1,0,5,160,
32.2608333333333,2019:09:29:20:07:55.2,39.25767,-76.7044016666667,72,0,0,182.39,29.6,0,5,160,
32.46,2019:09:29:20:07:55.4,39.257655,-76.704405,72,0,0,185.3,30.8,0,5,160,
32.66,2019:09:29:20:07:55.6,39.2576383333333,-76.70441,71.9,0,0,188.1,29.7,0,5,160,
32.8608333333333,2019:09:29:20:07:55.8,39.25763,-76.7044233333333,71.9,0,0,194.6,30,0,5,160,
33.0625,2019:09:29:20:07:56.0,39.2576133333333,-76.7044383333333,71.7,0,0,201,32.5,0,5,160,
33.2616666666667,2019:09:29:20:07:56.2,39.2576016666667,-76.7044516666667,71.6,0,0,204.5,32.9,0,5,160,
33.4625,2019:09:29:20:07:56.4,39.2575883333333,-76.7044633333333,71.5,0,0,206.19,32,0,5,160,
33.6616666666667,2019:09:29:20:07:56.6,39.25759,-76.7044933333333,71.4,0,0,219.39,31.5,0,5,160,
33.8616666666667,2019:09:29:20:07:56.8,39.25758,-76.7045083333333,71.3,0,0,222.3,33,0,5,160,
34.0625,2019:09:29:20:07:57.0,39.25757,-76.704525,71.2,0,0,226.39,32.9,0,5,160,
34.2616666666667,2019:09:29:20:07:57.2,39.2575833333333,-76.7045433333333,71.1,0,0,239,27.8,0,5,160,
34.4616666666667,2019:09:29:20:07:57.4,39.2575833333333,-76.7045616666667,71.1,0,0,245.6,26.6,0,5,160,
34.6625,2019:09:29:20:07:57.6,39.2575783333333,-76.7045766666667,71,0,0,249.5,26.2,0,5,160,
34.8591666666667,2019:09:29:20:07:57.8,39.2575733333333,-76.7045933333333,71,0,0,252.19,28.3,0,5,160,
35.0616666666667,2019:09:29:20:07:58.0,39.2575783333333,-76.7046116666667,70.9,0,0,263.1,27.7,0,5,160,
35.26,2019:09:29:20:07:58.2,39.2575783333333,-76.7046283333333,70.8,0,0,269.29,27.1,0,5,160,
35.46,2019:09:29:20:07:58.4,39.25758,-76.704645,70.8,0,0,271.89,25.1,0,5,160,
35.6591666666667,2019:09:29:20:07:58.6,39.25758,-76.7046616666667,70.7,0,0,273.1,25.5,0,5,160,
35.8591666666667,2019:09:29:20:07:58.8,39.2575816666667,-76.7046766666667,70.7,0,0,275.1,25.4,0,5,160,
36.0608333333333,2019:09:29:20:07:59.0,39.2575833333333,-76.7046933333333,70.6,0,0,274.7,24.7,0,5,160,
36.2625,2019:09:29:20:07:59.2,39.2575833333333,-76.70471,70.5,0,0,273.79,24.9,0,5,160,
36.4583333333333,2019:09:29:20:07:59.4,39.257585,-76.7047283333333,70.5,0,0,273,26,0,5,160,
36.66,2019:09:29:20:07:59.6,39.2575866666667,-76.704745,70.4,0,0,274.7,26.5,0,5,160,
36.8583333333333,2019:09:29:20:07:59.8,39.2575833333333,-76.7047683333333,70.4,0,0,273.29,26.4,0,5,160,
37.0633333333333,2019:09:29:20:08:00.0,39.257585,-76.7047866666667,70.4,0,0,272.39,29.1,0,5,160,
37.2633333333333,2019:09:29:20:08:00.2,39.2575866666667,-76.7048066666667,70.3,0,0,272.29,29.6,0,5,160,
37.4616666666667,2019:09:29:20:08:00.4,39.2575916666667,-76.704825,70.2,0,0,272.5,30.3,0,5,160,
37.66,2019:09:29:20:08:00.6,39.2575916666667,-76.7048466666667,70.2,0,0,272.5,29.7,0,5,160,
37.8591666666667,2019:09:29:20:08:00.8,39.2575916666667,-76.7048683333333,70.1,0,0,272.1,32.2,0,5,160,
38.0616666666667,2019:09:29:20:08:01.0,39.2575933333333,-76.7048883333333,70.1,0,0,272.5,33.1,0,5,160,
38.2591666666667,2019:09:29:20:08:01.2,39.257595,-76.70491,70,0,0,272,33,0,5,160,
38.4591666666667,2019:09:29:20:08:01.4,39.2575966666667,-76.7049283333333,70,0,0,271.7,31.9,0,5,160,
38.6608333333333,2019:09:29:20:08:01.6,39.2575983333333,-76.70495,69.9,0,0,272,32.5,0,5,160,
38.8591666666667,2019:09:29:20:08:01.8,39.2576,-76.7049716666667,69.8,0,0,270.39,33.6,0,5,160,
39.0608333333333,2019:09:29:20:08:02.0,39.2576016666667,-76.704995,69.8,0,0,269.2,35.9,0,5,160,
39.2625,2019:09:29:20:08:02.2,39.2576033333333,-76.7050233333333,69.7,0,0,269.1,38.4,0,5,160,
39.46,2019:09:29:20:08:02.4,39.2576033333333,-76.7050483333333,69.7,0,0,269.29,37.8,0,5,160,
39.6608333333333,2019:09:29:20:08:02.6,39.2576033333333,-76.7050733333333,69.6,0,0,268.39,37.1,0,5,160,
39.8591666666667,2019:09:29:20:08:02.8,39.2576033333333,-76.7050983333333,69.6,0,0,267.89,38.8,0,5,160,
40.06,2019:09:29:20:08:03.0,39.257605,-76.7051233333333,69.5,0,0,267.89,40.5,0,5,160,
40.2608333333333,2019:09:29:20:08:03.2,39.2576033333333,-76.7051483333333,69.4,0,0,267.39,39.2,0,5,160,
40.4625,2019:09:29:20:08:03.4,39.2576033333333,-76.7051733333333,69.4,0,0,267.7,39,0,5,160,
40.66,2019:09:29:20:08:03.6,39.257605,-76.7051983333333,69.3,0,0,268.89,40.1,0,5,160,
40.8608333333333,2019:09:29:20:08:03.8,39.2576083333333,-76.7052233333333,69.3,0,0,269.89,38.8,0,5,160,
41.0608333333333,2019:09:29:20:08:04.0,39.2576083333333,-76.7052466666667,69.2,0,0,270.29,37.9,0,5,160,
41.2616666666667,2019:09:29:20:08:04.2,39.25761,-76.70527,69.1,0,0,270.5,37.9,0,5,160,
41.46,2019:09:29:20:08:04.4,39.25761,-76.7052933333333,69.1,0,0,270.6,38.4,0,5,160,
41.6616666666667,2019:09:29:20:08:04.6,39.25761,-76.7053166666667,69,0,0,271.6,37,0,5,160,
41.8608333333333,2019:09:29:20:08:04.8,39.2576133333333,-76.7053383333333,69,0,0,273.6,36.7,0,5,160,
42.0616666666667,2019:09:29:20:08:05.0,39.257615,-76.7053616666667,68.9,0,0,275.79,34,0,5,160,
42.2608333333333,2019:09:29:20:08:05.2,39.2576166666667,-76.7053833333333,68.8,0,0,276.7,33.8,0,5,160,
42.4608333333333,2019:09:29:20:08:05.4,39.2576166666667,-76.7054033333333,68.8,0,0,276.7,31.8,0,5,160,
42.6616666666667,2019:09:29:20:08:05.6,39.25762,-76.7054233333333,68.7,0,0,277.29,32.2,0,5,160,
42.8591666666667,2019:09:29:20:08:05.8,39.2576233333333,-76.7054433333333,68.6,0,0,278.39,32.8,0,5,160,
43.0616666666667,2019:09:29:20:08:06.0,39.2576283333333,-76.7054633333333,68.6,0,0,280.2,32.4,0,5,160,
43.2616666666667,2019:09:29:20:08:06.2,39.257635,-76.7054816666667,68.5,0,0,283.39,33.2,0,5,160,
43.46,2019:09:29:20:08:06.4,39.2576416666667,-76.7055,68.4,0,0,287.1,32,0,5,160,
43.6625,2019:09:29:20:08:06.6,39.2576516666667,-76.7055116666667,68.3,0,0,294,29.2,0,5,160,
43.8591666666667,2019:09:29:20:08:06.8,39.2576616666667,-76.7055283333333,68.3,0,0,298.39,31.1,0,5,160,
44.06,2019:09:29:20:08:07.0,39.2576716666667,-76.705545,68.2,0,0,300.6,32.3,0,5,160,
44.26,2019:09:29:20:08:07.2,39.2576833333333,-76.7055633333333,68.1,0,0,302.6,34.2,0,5,160,
44.4625,2019:09:29:20:08:07.4,39.257695,-76.70558,68.1,0,0,305.1,33.3,0,5,160,
44.6608333333333,2019:09:29:20:08:07.6,39.257705,-76.7055966666667,68,0,0,308.1,31.8,0,5,160,
44.8625,2019:09:29:20:08:07.8,39.257725,-76.7056133333333,68,0,0,313.79,34.3,0,5,160,
45.0633333333333,2019:09:29:20:08:08.0,39.2577433333333,-76.7056266666667,68,0,0,323.1,34,0,5,160,
45.2625,2019:09:29:20:08:08.2,39.2577583333333,-76.7056366666667,68,0,0,326.7,35.1,0,5,160,
45.4641666666667,2019:09:29:20:08:08.4,39.2577733333333,-76.7056483333333,67.9,0,0,329,34.7,0,5,160,
45.6608333333333,2019:09:29:20:08:08.6,39.2577866666667,-76.7056583333333,67.9,0,0,329.6,36.3,0,5,160,
45.8625,2019:09:29:20:08:08.8,39.2578,-76.7056683333333,67.8,0,0,330.6,35.5,0,5,160,
46.0608333333333,2019:09:29:20:08:09.0,39.2578166666667,-76.7056783333333,67.7,0,0,329.79,36.3,0,5,160,
46.2608333333333,2019:09:29:20:08:09.2,39.2578316666667,-76.70569,67.7,0,0,328.7,36.9,0,5,160,
46.4608333333333,2019:09:29:20:08:09.4,39.257845,-76.7057,67.5,0,0,331.2,34.7,0,5,160,
46.6591666666667,2019:09:29:20:08:09.6,39.2578616666667,-76.7057116666667,67.4,0,0,332.39,36.3,0,5,160,
46.86,2019:09:29:20:08:09.8,39.257875,-76.7057216666667,67.2,0,0,333.79,36,0,5,209,
47.0591666666667,2019:09:29:20:08:10.0,39.2578916666667,-76.70573,67.1,0,0,336.89,36.9,0,5,160,
47.26,2019:09:29:20:08:10.2,39.25791,-76.7057383333333,67.1,0,0,339.29,35.7,0,5,160,
47.46,2019:09:29:20:08:10.4,39.2579266666667,-76.705745,67,0,0,341.6,36,0,5,160,
47.6591666666667,2019:09:29:20:08:10.6,39.257945,-76.7057516666667,67,0,0,344,36.4,0,5,160,
47.86,2019:09:29:20:08:10.8,39.2579633333333,-76.705755,66.9,0,0,347.1,36,0,5,160,
48.0591666666667,2019:09:29:20:08:11.0,39.2579816666667,-76.7057566666667,66.9,0,0,350.1,36.6,0,5,160,
48.2591666666667,2019:09:29:20:08:11.2,39.2579983333333,-76.705755,66.9,0,0,353.6,36.8,0,5,160,
48.4608333333333,2019:09:29:20:08:11.4,39.2580116666667,-76.7057483333333,66.8,0,0,359.29,32.9,0,5,160,
48.6608333333333,2019:09:29:20:08:11.6,39.258025,-76.70574,66.8,0,0,9.3,30.3,0,5,160,
48.8575,2019:09:29:20:08:11.8,39.2580366666667,-76.7057283333333,66.8,0,0,22.1,28.5,0,5,160,
49.06,2019:09:29:20:08:12.0,39.2580466666667,-76.70571,66.8,0,0,30.79,29,0,5,160,
49.2608333333333,2019:09:29:20:08:12.2,39.258055,-76.7056966666667,66.8,0,0,36.29,27.5,0,5,160,
49.4575,2019:09:29:20:08:12.4,39.258065,-76.7056816666667,66.7,0,0,39.79,26.8,0,5,160,
49.6583333333333,2019:09:29:20:08:12.6,39.2580733333333,-76.7056666666667,66.7,0,0,43.09,27.7,0,5,160,
49.8583333333333,2019:09:29:20:08:12.8,39.25808,-76.70565,66.6,0,0,46.09,27.1,0,5,160,
50.0625,2019:09:29:20:08:13.0,39.2580883333333,-76.7056333333333,66.6,0,0,49.29,28.8,0,5,160,
50.26,2019:09:29:20:08:13.2,39.258095,-76.7056166666667,66.6,0,0,51.9,29.1,0,5,160,
50.4633333333333,2019:09:29:20:08:13.4,39.2581,-76.7055983333333,66.5,0,0,55.29,28.2,0,5,160,
50.6591666666667,2019:09:29:20:08:13.6,39.258105,-76.7055783333333,66.5,0,0,59.29,29.1,0,5,160,
50.8591666666667,2019:09:29:20:08:13.8,39.2581066666667,-76.7055583333333,66.4,0,0,63,27.9,0,5,160,
51.0591666666667,2019:09:29:20:08:14.0,39.25811,-76.7055366666667,66.4,0,0,66.59,30.7,0,5,160,
51.2591666666667,2019:09:29:20:08:14.2,39.25811,-76.705515,66.3,0,0,70.09,31.1,0,5,160,
51.4608333333333,2019:09:29:20:08:14.4,39.2581083333333,-76.705495,66.3,0,0,75.19,29.4,0,5,160,
51.6616666666667,2019:09:29:20:08:14.6,39.2581066666667,-76.7054783333333,66.3,0,0,81.9,26,0,5,160,
51.8608333333333,2019:09:29:20:08:14.8,39.258105,-76.7054633333333,66.2,0,0,86.09,26.1,0,5,160,
52.06,2019:09:29:20:08:15.0,39.2581033333333,-76.705445,66.2,0,0,89.4,25.7,0,5,160,
52.2616666666667,2019:09:29:20:08:15.2,39.2580983333333,-76.705435,66.2,0,0,95.8,23.7,0,5,160,
52.4591666666667,2019:09:29:20:08:15.4,39.2580966666667,-76.7054183333333,66.1,0,0,102.19,21.3,0,5,160,
52.6591666666667,2019:09:29:20:08:15.6,39.2580933333333,-76.7054066666667,66.1,0,0,98,17.5,0,5,160,
52.8583333333333,2019:09:29:20:08:15.8,39.2580916666667,-76.7053983333333,66.1,0,0,103.4,16,0,5,160,
53.0591666666667,2019:09:29:20:08:16.0,39.2580883333333,-76.7053916666667,66.2,0,0,103.4,13,0,5,160,
53.2591666666667,2019:09:29:20:08:16.2,39.2580883333333,-76.7053833333333,66.1,0,0,102.19,12.2,0,5,160,
53.4616666666667,2019:09:29:20:08:16.4,39.2580883333333,-76.705375,66.1,0,0,102.5,11.2,0,5,160,
53.6625,2019:09:29:20:08:16.6,39.258085,-76.7053666666667,66.1,0,0,106.19,12.1,0,5,160,
53.8608333333333,2019:09:29:20:08:16.8,39.258085,-76.7053583333333,66,0,0,108.3,12.4,0,5,160,
54.0608333333333,2019:09:29:20:08:17.0,39.2580833333333,-76.7053483333333,65.9,0,0,110.5,11.5,0,5,160,
54.2641666666667,2019:09:29:20:08:17.2,39.2580816666667,-76.70534,65.9,0,0,109.09,11.9,0,5,160,
54.4691666666667,2019:09:29:20:08:17.4,39.25808,-76.7053333333333,66,0,0,103.69,11.3,0,5,160,
54.6625,2019:09:29:20:08:17.6,39.2580783333333,-76.7053266666667,66,0,0,105.8,9.8,0,5,160,
54.8608333333333,2019:09:29:20:08:17.8,39.258075,-76.70532,65.9,0,0,105.19,8.1,0,5,160,
55.0633333333333,2019:09:29:20:08:18.0,39.258075,-76.7053133333333,65.8,0,0,103.8,7.4,0,5,160,
55.2616666666667,2019:09:29:20:08:18.2,39.258075,-76.7053083333333,65.8,0,0,112,6.7,0,5,160,
55.4691666666667,2019:09:29:20:08:18.4,39.2580733333333,-76.705305,65.9,0,0,113.9,3.8,0,5,160,
55.66,2019:09:29:20:08:18.6,39.2580716666667,-76.705305,65.9,0,0,113.9,4.4,0,5,160,
55.8641666666667,2019:09:29:20:08:18.8,39.2580716666667,-76.7053033333333,65.9,0,0,113.9,0.5,0,5,160,
56.0633333333333,2019:09:29:20:08:19.0,39.2580716666667,-76.7053033333333,65.9,0,0,113.9,0.3,0,5,160,
56.26,2019:09:29:20:08:19.2,39.2580716666667,-76.7053016666667,65.9,0,0,113.9,0.1,0,5,160,
56.4625,2019:09:29:20:08:19.4,39.25807,-76.7052983333333,65.9,0,0,113.9,0.1,0,5,160,
56.6608333333333,2019:09:29:20:08:19.6,39.25807,-76.7052983333333,65.9,0,0,113.9,0.1,0,5,160,
56.8616666666667,2019:09:29:20:08:19.8,39.25807,-76.7052966666667,65.8,0,0,113.9,0.1,0,5,160,
57.0616666666667,2019:09:29:20:08:20.0,39.2580716666667,-76.7052933333333,65.8,0,0,113.9,0.1,0,5,160,
57.2608333333333,2019:09:29:20:08:20.2,39.2580716666667,-76.7052933333333,65.8,0,0,113.9,0.1,0,5,160,
57.4625,2019:09:29:20:08:20.4,39.2580733333333,-76.7052883333333,65.7,0,0,113.9,0.1,0,5,160,
57.6616666666667,2019:09:29:20:08:20.6,39.2580733333333,-76.7052883333333,65.7,0,0,113.9,0.1,0,5,160,
57.8616666666667,2019:09:29:20:08:20.8,39.2580716666667,-76.7052883333333,65.7,0,0,113.9,0.1,0,5,160,
58.0625,2019:09:29:20:08:21.0,39.2580716666667,-76.70529,65.8,0,0,113.9,0.1,0,5,160,
58.2616666666667,2019:09:29:20:08:21.2,39.2580716666667,-76.70529,65.8,0,0,113.9,0,0,5,160,
58.4683333333333,2019:09:29:20:08:21.4,39.25807,-76.70529,65.8,0,0,113.9,0.1,0,5,160,
58.6616666666667,2019:09:29:20:08:21.6,39.25807,-76.7052883333333,65.8,0,0,113.9,0,0,5,160,
58.8616666666667,2019:09:29:20:08:21.8,39.2580683333333,-76.70529,65.8,0,0,113.9,0,0,5,160,
59.0658333333333,2019:09:29:20:08:22.0,39.2580683333333,-76.70529,65.8,0,0,113.9,0,0,5,160,
59.2616666666667,2019:09:29:20:08:22.2,39.2580683333333,-76.70529,65.8,0,0,113.9,0,0,5,160,
59.4641666666667,2019:09:29:20:08:22.4,39.2580683333333,-76.70529,65.8,0,0,113.9,0.1,0,5,160,
59.6633333333333,2019:09:29:20:08:22.6,39.2580683333333,-76.70529,65.8,0,0,113.9,0.1,0,5,160,
59.8616666666667,2019:09:29:20:08:22.8,39.2580683333333,-76.70529,65.8,0,0,113.9,0.1,0,5,160,
60.0633333333333,2019:09:29:20:08:23.0,39.2580683333333,-76.70529,65.8,0,0,113.9,0.1,0,5,160,
60.2633333333333,2019:09:29:20:08:23.2,39.2580683333333,-76.7052883333333,65.8,0,0,113.9,0.1,0,5,160,
60.4658333333333,2019:09:29:20:08:23.4,39.2580683333333,-76.7052883333333,65.8,0,0,113.9,0.1,0,5,160,
60.6616666666667,2019:09:29:20:08:23.6,39.2580683333333,-76.7052883333333,65.8,0,0,113.9,0.1,0,5,160,
60.8616666666667,2019:09:29:20:08:23.8,39.2580683333333,-76.7052883333333,65.8,0,0,113.9,0.1,0,5,160,
61.06,2019:09:29:20:08:24.0,39.2580683333333,-76.7052883333333,65.8,0,0,113.9,0.1,0,5,160,
61.2625,2019:09:29:20:08:24.2,39.2580683333333,-76.7052883333333,65.8,0,0,113.9,0.1,0,5,160,
61.4641666666667,2019:09:29:20:08:24.4,39.2580683333333,-76.7052883333333,65.8,0,0,113.9,0.1,0,5,160,
61.6616666666667,2019:09:29:20:08:24.6,39.2580683333333,-76.7052883333333,65.8,0,0,113.9,0.1,0,5,160,
61.8633333333333,2019:09:29:20:08:24.8,39.2580683333333,-76.7052883333333,65.8,0,0,113.9,0.1,0,5,160,
62.06,2019:09:29:20:08:25.0,39.2580683333333,-76.7052883333333,65.8,0,0,113.9,0.3,0,5,160,
62.2616666666667,2019:09:29:20:08:25.2,39.2580683333333,-76.7052883333333,65.8,0,0,113.9,0.3,0,5,160,
62.4641666666667,2019:09:29:20:08:25.4,39.25807,-76.7052883333333,65.8,0,0,113.9,0.3,0,5,160,
62.6633333333333,2019:09:29:20:08:25.6,39.25807,-76.7052883333333,65.8,0,0,113.9,0.1,0,5,209,
62.86,2019:09:29:20:08:25.8,39.25807,-76.7052883333333,65.8,0,0,113.9,0.1,0,5,209,
63.0641666666667,2019:09:29:20:08:26.0,39.25807,-76.7052883333333,65.8,0,0,113.9,0.3,0,5,209,
63.26,2019:09:29:20:08:26.2,39.25807,-76.7052883333333,65.8,0,0,113.9,0.3,0,5,160,
63.4641666666667,2019:09:29:20:08:26.4,39.25807,-76.7052883333333,65.8,0,0,113.9,0.5,0,5,160,
63.66,2019:09:29:20:08:26.6,39.25807,-76.7052883333333,65.8,0,0,113.9,0.7,0,5,160,
63.8608333333333,2019:09:29:20:08:26.8,39.25807,-76.7052866666667,65.8,0,0,113.9,0.9,0,5,160,
64.0608333333333,2019:09:29:20:08:27.0,39.25807,-76.7052866666667,65.8,0,0,113.9,1.1,0,5,160,
64.2608333333333,2019:09:29:20:08:27.2,39.25807,-76.7052866666667,65.8,0,0,113.9,1.6,0,5,160,
64.4633333333333,2019:09:29:20:08:27.4,39.2580683333333,-76.705285,65.8,0,0,113.9,1.8,0,5,160,
64.6616666666667,2019:09:29:20:08:27.6,39.2580683333333,-76.705285,65.8,0,0,113.9,4.2,0,5,160,
64.8633333333333,2019:09:29:20:08:27.8,39.258065,-76.70528,65.8,0,0,119,6.8,0,5,160,
65.0616666666667,2019:09:29:20:08:28.0,39.2580633333333,-76.7052716666667,65.8,0,0,107.8,7.3,0,5,160,
65.2633333333333,2019:09:29:20:08:28.2,39.2580616666667,-76.7052633333333,65.8,0,0,99,10.9,0,5,160,
65.4625,2019:09:29:20:08:28.4,39.2580616666667,-76.7052483333333,65.8,0,0,95.8,16.1,0,5,160,
65.6616666666667,2019:09:29:20:08:28.6,39.2580583333333,-76.705235,65.8,0,0,98.9,20.1,0,5,160,
65.8608333333333,2019:09:29:20:08:28.8,39.2580566666667,-76.7052183333333,65.8,0,0,98.4,19.9,0,5,160,
66.0625,2019:09:29:20:08:29.0,39.2580533333333,-76.7052,65.8,0,0,97.8,23.7,0,5,160,
66.2625,2019:09:29:20:08:29.2,39.2580516666667,-76.7051816666667,65.8,0,0,97.3,24.8,0,5,160,
66.4616666666667,2019:09:29:20:08:29.4,39.2580516666667,-76.7051616666667,65.8,0,0,96.3,25.1,0,5,160,
66.6608333333333,2019:09:29:20:08:29.6,39.2580516666667,-76.70514,65.7,0,0,96.3,26.1,0,5,160,
66.8616666666667,2019:09:29:20:08:29.8,39.25805,-76.70512,65.7,0,0,95.59,28.8,0,5,160,
67.0608333333333,2019:09:29:20:08:30.0,39.2580466666667,-76.7050983333333,65.7,0,0,95.09,28,0,5,209,
67.2616666666667,2019:09:29:20:08:30.2,39.2580433333333,-76.7050783333333,65.7,0,0,95.8,28.6,0,5,160,
67.4625,2019:09:29:20:08:30.4,39.2580416666667,-76.7050566666667,65.6,0,0,96.19,30.6,0,5,160,
67.6583333333333,2019:09:29:20:08:30.6,39.2580366666667,-76.705035,65.6,0,0,97.19,32,0,5,209,
67.86,2019:09:29:20:08:30.8,39.258035,-76.7050116666667,65.6,0,0,96.8,31.9,0,5,160,
68.06,2019:09:29:20:08:31.0,39.25803,-76.7049866666667,65.6,0,0,98.5,34.7,0,5,160,
68.2608333333333,2019:09:29:20:08:31.2,39.2580283333333,-76.7049633333333,65.6,0,0,97,35.3,0,5,160,
68.4616666666667,2019:09:29:20:08:31.4,39.258025,-76.7049366666667,65.5,0,0,96.3,36.4,0,5,160,
68.6591666666667,2019:09:29:20:08:31.6,39.2580233333333,-76.7049116666667,65.5,0,0,95.19,37,0,5,160,
68.8625,2019:09:29:20:08:31.8,39.2580216666667,-76.7048866666667,65.5,0,0,94.3,37.4,0,5,160,
69.0608333333333,2019:09:29:20:08:32.0,39.2580216666667,-76.70486,65.5,0,0,92.5,40.6,0,5,160,
69.2608333333333,2019:09:29:20:08:32.2,39.25802,-76.7048316666667,65.5,0,0,92.3,41.8,0,5,160,
69.4625,2019:09:29:20:08:32.4,39.25802,-76.7048033333333,65.5,0,0,91.9,41.2,0,5,160,
69.6616666666667,2019:09:29:20:08:32.6,39.25802,-76.7047716666667,65.5,0,0,90.8,44,0,5,160,
69.8616666666667,2019:09:29:20:08:32.8,39.25802,-76.7047433333333,65.5,0,0,90.59,43.1,0,5,160,
70.0616666666667,2019:09:29:20:08:33.0,39.258015,-76.7047166666667,65.5,0,0,90.8,44.2,0,5,160,
70.26,2019:09:29:20:08:33.2,39.2580133333333,-76.7046883333333,65.5,0,0,91.59,44.6,0,5,160,
70.4633333333333,2019:09:29:20:08:33.4,39.2580116666667,-76.70466,65.4,0,0,93,45,0,5,160,
70.66,2019:09:29:20:08:33.6,39.2580083333333,-76.7046283333333,65.4,0,0,94.8,42.7,0,5,160,
70.8616666666667,2019:09:29:20:08:33.8,39.2580033333333,-76.7045983333333,65.4,0,0,97.19,44,0,5,160,
71.0616666666667,2019:09:29:20:08:34.0,39.2579983333333,-76.7045683333333,65.4,0,0,98.8,45.5,0,5,160,
71.2608333333333,2019:09:29:20:08:34.2,39.25799,-76.70454,65.3,0,0,102.8,43.4,0,5,160,
71.4641666666667,2019:09:29:20:08:34.4,39.2579833333333,-76.7045133333333,65.3,0,0,105.4,43.8,0,5,160,
71.6633333333333,2019:09:29:20:08:34.6,39.2579766666667,-76.70449,65.3,0,0,110.09,40.5,0,5,160,
71.86,2019:09:29:20:08:34.8,39.2579566666667,-76.70448,65.2,0,0,138.69,35.1,0,5,160,
72.0633333333333,2019:09:29:20:08:35.0,39.2579433333333,-76.70447,65.2,0,0,141.89,33.2,0,5,160,
72.2591666666667,2019:09:29:20:08:35.2,39.25793,-76.7044566666667,65.1,0,0,143.3,33,0,5,160,
72.4625,2019:09:29:20:08:35.4,39.2579133333333,-76.704455,65.1,0,0,152.6,30.4,0,5,160,
72.66,2019:09:29:20:08:35.6,39.2579,-76.7044466666667,65.1,0,0,155.1,30.1,0,5,160,
72.8608333333333,2019:09:29:20:08:35.8,39.257885,-76.70444,65.1,0,0,159.6,30.2,0,5,160,
73.06,2019:09:29:20:08:36.0,39.25787,-76.704435,65.1,0,0,161.6,31,0,5,160,
73.2616666666667,2019:09:29:20:08:36.2,39.2578533333333,-76.70443,65.1,0,0,164.6,31.4,0,5,160,
73.46,2019:09:29:20:08:36.4,39.2578366666667,-76.7044266666667,65,0,0,167.6,32.4,0,5,160,
73.6591666666667,2019:09:29:20:08:36.6,39.25782,-76.704425,65,0,0,171.39,31.8,0,5,160,
73.8608333333333,2019:09:29:20:08:36.8,39.2578016666667,-76.7044233333333,65,0,0,176.89,33.6,0,5,160,
74.06,2019:09:29:20:08:37.0,39.2577833333333,-76.7044233333333,65,0,0,178.39,36.4,0,5,160,
74.2575,2019:09:29:20:08:37.2,39.257765,-76.7044233333333,65,0,0,179.39,35.8,0,5,160,
74.46,2019:09:29:20:08:37.4,39.2577466666667,-76.7044233333333,65,0,0,180.5,35.6,0,5,160,
74.6591666666667,2019:09:29:20:08:37.6,39.2577266666667,-76.7044216666667,65,0,0,181.1,36.9,0,5,160,
74.86,2019:09:29:20:08:37.8,39.2577083333333,-76.7044233333333,65,0,0,182.19,38.1,0,5,160,
75.0591666666667,2019:09:29:20:08:38.0,39.25769,-76.7044233333333,64.9,0,0,183.3,37,0,5,160,
75.2616666666667,2019:09:29:20:08:38.2,39.2576766666667,-76.70443,64.9,0,0,186.5,35.5,0,5,160,
75.4575,2019:09:29:20:08:38.4,39.2576616666667,-76.70444,64.9,0,0,190.19,35.8,0,5,160,
75.6591666666667,2019:09:29:20:08:38.6,39.2576533333333,-76.7044583333333,64.9,0,0,197.3,34.7,0,5,160,
75.8575,2019:09:29:20:08:38.8,39.2576416666667,-76.7044716666667,64.9,0,0,201.39,34.5,0,5,160,
76.0616666666667,2019:09:29:20:08:39.0,39.2576283333333,-76.704485,64.9,0,0,204,33.8,0,5,160,
76.2575,2019:09:29:20:08:39.2,39.2576166666667,-76.7044966666667,64.9,0,0,206.5,33.3,0,5,160,
76.46,2019:09:29:20:08:39.4,39.2576033333333,-76.7045066666667,64.9,0,0,208.8,32,0,5,160,
76.6575,2019:09:29:20:08:39.6,39.2575916666667,-76.7045183333333,64.9,0,0,209.69,33.1,0,5,160,
76.8583333333333,2019:09:29:20:08:39.8,39.2575833333333,-76.7045316666667,64.8,0,0,211.89,31.1,0,5,160,
77.06,2019:09:29:20:08:40.0,39.257575,-76.704545,64.8,0,0,215.5,29.6,0,5,160,
77.2608333333333,2019:09:29:20:08:40.2,39.2575683333333,-76.7045616666667,64.8,0,0,219.69,28,0,5,160,
77.4583333333333,2019:09:29:20:08:40.4,39.257565,-76.7045766666667,64.8,0,0,224.3,25.9,0,5,160,
77.6608333333333,2019:09:29:20:08:40.6,39.257565,-76.7045966666667,64.7,0,0,232.39,27.6,0,5,160,
77.8608333333333,2019:09:29:20:08:40.8,39.257565,-76.7046166666667,64.7,0,0,238.8,26.3,0,5,160,
78.0616666666667,2019:09:29:20:08:41.0,39.2575633333333,-76.704635,64.7,0,0,242.5,25.6,0,5,160,
78.2625,2019:09:29:20:08:41.2,39.25757,-76.7046516666667,64.7,0,0,249.5,23.5,0,5,160,
78.4608333333333,2019:09:29:20:08:41.4,39.25757,-76.7046716666667,64.6,0,0,253.89,22.5,0,5,160,
78.66,2019:09:29:20:08:41.6,39.25757,-76.70469,64.6,0,0,257.2,24.1,0,5,160,
78.8616666666667,2019:09:29:20:08:41.8,39.2575716666667,-76.70471,64.6,0,0,259.7,25.5,0,5,160,
79.0616666666667,2019:09:29:20:08:42.0,39.25757,-76.7047283333333,64.5,0,0,260.7,26,0,5,160,
79.2616666666667,2019:09:29:20:08:42.2,39.2575716666667,-76.70475,64.5,0,0,262.5,28.9,0,5,160,
79.4616666666667,2019:09:29:20:08:42.4,39.2575783333333,-76.7047766666667,64.5,0,0,266.29,31.4,0,5,160,
79.6616666666667,2019:09:29:20:08:42.6,39.25758,-76.7048,64.5,0,0,267.6,32.8,0,5,160,
79.86,2019:09:29:20:08:42.8,39.2575783333333,-76.704825,64.5,0,0,267.89,33,0,5,160,
80.0608333333333,2019:09:29:20:08:43.0,39.25758,-76.7048466666667,64.5,0,0,268.5,33.3,0,5,160,
80.2608333333333,2019:09:29:20:08:43.2,39.25758,-76.7048683333333,64.5,0,0,268.5,35,0,5,160,
80.4583333333333,2019:09:29:20:08:43.4,39.2575766666667,-76.704895,64.5,0,0,268.2,35,0,5,160,
80.6608333333333,2019:09:29:20:08:43.6,39.2575766666667,-76.7049233333333,64.4,0,0,269.7,35.7,0,5,160,
80.86,2019:09:29:20:08:43.8,39.2575766666667,-76.7049483333333,64.4,0,0,269.7,36.5,0,5,160,
81.0625,2019:09:29:20:08:44.0,39.2575783333333,-76.7049733333333,64.4,0,0,269.6,35.5,0,5,160,
81.2583333333333,2019:09:29:20:08:44.2,39.2575766666667,-76.705,64.4,0,0,266.5,39.6,0,5,160,
81.46,2019:09:29:20:08:44.4,39.257575,-76.7050233333333,64.4,0,0,266.6,39.4,0,5,160,
81.6591666666667,2019:09:29:20:08:44.6,39.257575,-76.7050483333333,64.4,0,0,266.7,40.2,0,5,160,
81.86,2019:09:29:20:08:44.8,39.2575766666667,-76.7050766666667,64.4,0,0,267.2,39,0,5,160,
82.0583333333333,2019:09:29:20:08:45.0,39.2575783333333,-76.705105,64.4,0,0,267.7,42.2,0,5,160,
82.2591666666667,2019:09:29:20:08:45.2,39.2575783333333,-76.7051316666667,64.4,0,0,267.89,41.9,0,5,160,
82.46,2019:09:29:20:08:45.4,39.25758,-76.7051583333333,64.4,0,0,267.79,41.3,0,5,160,
82.6608333333333,2019:09:29:20:08:45.6,39.257585,-76.7051866666667,64.4,0,0,269.1,41.7,0,5,160,
82.8583333333333,2019:09:29:20:08:45.8,39.2575883333333,-76.705215,64.4,0,0,269.79,41.2,0,5,160,
83.0591666666667,2019:09:29:20:08:46.0,39.2575883333333,-76.7052416666667,64.4,0,0,269.6,40.8,0,5,160,
83.2575,2019:09:29:20:08:46.2,39.2575883333333,-76.7052683333333,64.3,0,0,269.5,42.4,0,5,160,
83.46,2019:09:29:20:08:46.4,39.2575866666667,-76.705295,64.3,0,0,270.5,40.6,0,5,160,
83.66,2019:09:29:20:08:46.6,39.2575866666667,-76.705325,64.3,0,0,271.39,39,0,5,160,
83.8591666666667,2019:09:29:20:08:46.8,39.2575883333333,-76.7053516666667,64.3,0,0,272.6,38.9,0,5,160,
84.0625,2019:09:29:20:08:47.0,39.25759,-76.7053766666667,64.3,0,0,273.2,39.6,0,5,160,
84.2591666666667,2019:09:29:20:08:47.2,39.2575933333333,-76.7054033333333,64.3,0,0,274.7,40.2,0,5,160,
84.46,2019:09:29:20:08:47.4,39.25761,-76.70543,64.3,0,0,282.1,37.7,0,5,160,
84.6575,2019:09:29:20:08:47.6,39.25762,-76.705455,64.2,0,0,286.39,39.4,0,5,160,
84.86,2019:09:29:20:08:47.8,39.2576266666667,-76.7054766666667,64.2,0,0,289.29,37.5,0,5,160,
85.0583333333333,2019:09:29:20:08:48.0,39.257635,-76.7054933333333,64.2,0,0,294.89,35.5,0,5,160,
85.2608333333333,2019:09:29:20:08:48.2,39.257645,-76.7055116666667,64.1,0,0,299.79,34.4,0,5,160,
85.46,2019:09:29:20:08:48.4,39.2576583333333,-76.7055316666667,64.1,0,0,304.29,35.3,0,5,160,
85.66,2019:09:29:20:08:48.6,39.2576733333333,-76.70555,64.1,0,0,309.29,36,0,5,160,
85.8575,2019:09:29:20:08:48.8,39.2576866666667,-76.7055666666667,64.1,0,0,312,37.7,0,5,160,
86.0608333333333,2019:09:29:20:08:49.0,39.2577066666667,-76.7055783333333,64.3,0,0,320.79,37.8,0,5,160,
86.2591666666667,2019:09:29:20:08:49.2,39.257725,-76.705595,64.3,0,0,323.39,42.2,0,5,160,
86.4633333333333,2019:09:29:20:08:49.4,39.2577416666667,-76.70561,64.3,0,0,325,41.1,0,5,160,
86.6608333333333,2019:09:29:20:08:49.6,39.25776,-76.705625,64.3,0,0,326.1,41.9,0,5,160,
86.8608333333333,2019:09:29:20:08:49.8,39.2577766666667,-76.7056366666667,64.3,0,0,326.7,41.9,0,5,160,
87.0591666666667,2019:09:29:20:08:50.0,39.2577983333333,-76.70565,64.3,0,0,327.5,41.2,0,5,160,
87.2591666666667,2019:09:29:20:08:50.2,39.2578183333333,-76.7056633333333,64.3,0,0,328,41.4,0,5,209,
87.4583333333333,2019:09:29:20:08:50.4,39.2578366666667,-76.7056766666667,64.3,0,0,330.29,42.1,0,5,209,
87.6583333333333,2019:09:29:20:08:50.6,39.2578566666667,-76.7056916666667,64.3,0,0,332.1,41.2,0,5,160,
87.8583333333333,2019:09:29:20:08:50.8,39.2578783333333,-76.7057066666667,64.2,0,0,333.7,42,0,5,160,
88.0591666666667,2019:09:29:20:08:51.0,39.2578983333333,-76.7057166666667,64.2,0,0,337.39,43.9,0,5,160,
88.2583333333333,2019:09:29:20:08:51.2,39.257915,-76.7057216666667,64.3,0,0,342.2,43.3,0,5,209,
88.4616666666667,2019:09:29:20:08:51.4,39.2579333333333,-76.7057233333333,64.4,0,0,347.7,41.3,0,5,160,
88.66,2019:09:29:20:08:51.6,39.2579516666667,-76.705725,64.4,0,0,352.89,40.9,0,5,209,
88.8583333333333,2019:09:29:20:08:51.8,39.25797,-76.7057233333333,64.5,0,0,358.6,40,0,5,209,
89.06,2019:09:29:20:08:52.0,39.2579883333333,-76.7057183333333,64.5,0,0,6.4,37.2,0,5,160,
89.26,2019:09:29:20:08:52.2,39.2580016666667,-76.70571,64.5,0,0,13.6,34,0,5,160,
89.4608333333333,2019:09:29:20:08:52.4,39.2580133333333,-76.7056983333333,64.5,0,0,21.39,33.1,0,5,160,
89.6583333333333,2019:09:29:20:08:52.6,39.25802,-76.7056816666667,64.5,0,0,30.7,31,0,5,160,
89.8575,2019:09:29:20:08:52.8,39.25803,-76.7056666666667,64.5,0,0,36.5,30.2,0,5,160,
90.0591666666667,2019:09:29:20:08:53.0,39.25804,-76.7056516666667,64.5,0,0,41,32.4,0,5,160,
90.2591666666667,2019:09:29:20:08:53.2,39.2580483333333,-76.705635,64.5,0,0,45.4,32.6,0,5,160,
90.46,2019:09:29:20:08:53.4,39.2580566666667,-76.7056183333333,64.5,0,0,49.29,31.9,0,5,160,
90.66,2019:09:29:20:08:53.6,39.258065,-76.7055983333333,64.5,0,0,52.59,31.7,0,5,160,
90.86,2019:09:29:20:08:53.8,39.2580733333333,-76.70558,64.5,0,0,55.09,32,0,5,160,
91.0616666666667,2019:09:29:20:08:54.0,39.25808,-76.7055616666667,64.6,0,0,57.5,32.8,0,5,160,
91.2616666666667,2019:09:29:20:08:54.2,39.258085,-76.70554,64.6,0,0,61.79,31.9,0,5,160,
91.4608333333333,2019:09:29:20:08:54.4,39.2580883333333,-76.7055166666667,64.6,0,0,66.9,32.3,0,5,160,
91.66,2019:09:29:20:08:54.6,39.25809,-76.705495,64.7,0,0,72.5,32.8,0,5,160,
91.86,2019:09:29:20:08:54.8,39.2580916666667,-76.7054733333333,64.7,0,0,79.3,29.9,0,5,160,
92.0608333333333,2019:09:29:20:08:55.0,39.2580883333333,-76.70545,64.7,0,0,89.3,30.9,0,5,160,
92.2608333333333,2019:09:29:20:08:55.2,39.258085,-76.7054333333333,64.8,0,0,93,29.3,0,5,160,
92.4575,2019:09:29:20:08:55.4,39.2580816666667,-76.7054166666667,64.8,0,0,96.8,26,0,5,160,
92.6575,2019:09:29:20:08:55.6,39.2580783333333,-76.7054016666667,64.7,0,0,99.19,26.8,0,5,160,
92.8575,2019:09:29:20:08:55.8,39.258075,-76.7053866666667,64.8,0,0,101.09,24.7,0,5,160,
93.0575,2019:09:29:20:08:56.0,39.2580716666667,-76.7053716666667,64.8,0,0,102.8,25.2,0,5,160,
93.2575,2019:09:29:20:08:56.2,39.2580683333333,-76.705355,64.9,0,0,99.8,19.4,0,5,160,
93.4608333333333,2019:09:29:20:08:56.4,39.2580683333333,-76.7053433333333,64.9,0,0,88.59,17.4,0,5,160,
93.6575,2019:09:29:20:08:56.6,39.25807,-76.7053316666667,64.9,0,0,86.8,16.8,0,5,160,
93.8575,2019:09:29:20:08:56.8,39.2580683333333,-76.7053216666667,64.9,0,0,88.69,16.4,0,5,160,
94.0575,2019:09:29:20:08:57.0,39.2580683333333,-76.7053116666667,64.9,0,0,91.9,15.9,0,5,160,
94.2583333333333,2019:09:29:20:08:57.2,39.2580666666667,-76.7053033333333,64.9,0,0,93.09,15.5,0,5,160,
94.4575,2019:09:29:20:08:57.4,39.2580616666667,-76.7052983333333,64.9,0,0,101.8,11.3,0,4,190,
94.6558333333333,2019:09:29:20:08:57.6,39.2580583333333,-76.7052916666667,64.9,0,0,103.9,10.6,0,4,190,
94.8566666666667,2019:09:29:20:08:57.8,39.2580566666667,-76.7052866666667,64.9,0,0,106.3,8.5,0,4,190,
95.0625,2019:09:29:20:08:58.0,39.2580566666667,-76.70528,64.9,0,0,105.4,7,0,5,160,
95.2616666666667,2019:09:29:20:08:58.2,39.2580566666667,-76.7052766666667,64.9,0,0,105.4,4.1,0,5,160,
95.4625,2019:09:29:20:08:58.4,39.258055,-76.7052733333333,64.9,0,0,105.4,3,0,5,160,
95.6625,2019:09:29:20:08:58.6,39.258055,-76.70527,64.8,0,0,105.4,1.1,0,5,160,
95.8591666666667,2019:09:29:20:08:58.8,39.258055,-76.7052683333333,64.8,0,0,105.4,0.7,0,5,160,
96.0591666666667,2019:09:29:20:08:59.0,39.258055,-76.7052666666667,64.8,0,0,105.4,0.5,0,5,160,
96.2625,2019:09:29:20:08:59.2,39.258055,-76.7052666666667,64.7,0,0,105.4,0.3,0,5,160,
96.4616666666667,2019:09:29:20:08:59.4,39.2580533333333,-76.7052666666667,64.7,0,0,105.4,0.3,0,5,160,
96.66,2019:09:29:20:08:59.6,39.2580516666667,-76.7052666666667,64.7,0,0,105.4,0.3,0,5,160,
96.8591666666667,2019:09:29:20:08:59.8,39.2580516666667,-76.7052666666667,64.7,0,0,105.4,0.1,0,5,160,
97.0616666666667,2019:09:29:20:09:00.0,39.2580533333333,-76.705265,64.7,0,0,105.4,0.3,0,5,160,
97.26,2019:09:29:20:09:00.2,39.2580533333333,-76.7052616666667,64.6,0,0,105.4,0.3,0,5,160,
97.4591666666667,2019:09:29:20:09:00.4,39.2580533333333,-76.70526,64.5,0,0,105.4,0.7,0,5,160,
97.6591666666667,2019:09:29:20:09:00.6,39.2580516666667,-76.7052583333333,64.5,0,0,105.4,0.9,0,5,160,
97.8591666666667,2019:09:29:20:09:00.8,39.25805,-76.7052566666667,64.5,0,0,105.4,3.3,0,5,160,
98.0583333333333,2019:09:29:20:09:01.0,39.25805,-76.7052516666667,64.5,0,0,105.4,5,0,5,160,
98.2591666666667,2019:09:29:20:09:01.2,39.2580483333333,-76.7052483333333,64.5,0,0,128.39,7,0,5,160,
98.4658333333333,2019:09:29:20:09:01.4,39.2580466666667,-76.7052433333333,64.5,0,0,124,7.7,0,5,160,
98.6583333333333,2019:09:29:20:09:01.6,39.258045,-76.7052366666667,64.4,0,0,117.59,9,0,5,160,
98.8583333333333,2019:09:29:20:09:01.8,39.2580433333333,-76.7052283333333,64.4,0,0,111.19,10,0,5,160,
99.06,2019:09:29:20:09:02.0,39.2580416666667,-76.7052166666667,64.4,0,0,105.59,12.4,0,5,160,
99.2591666666667,2019:09:29:20:09:02.2,39.2580416666667,-76.705205,64.4,0,0,100.5,14.6,0,5,160,
99.46,2019:09:29:20:09:02.4,39.2580433333333,-76.7051883333333,64.2,0,0,97.19,15.9,0,5,160,
99.6591666666667,2019:09:29:20:09:02.6,39.2580416666667,-76.7051733333333,64.2,0,0,96.19,17.3,0,5,160,
99.8608333333333,2019:09:29:20:09:02.8,39.25804,-76.7051566666667,64.2,0,0,95.3,19.2,0,5,160,
100.061666666667,2019:09:29:20:09:03.0,39.2580383333333,-76.7051383333333,64.2,0,0,95.19,20.6,0,5,160,
100.26,2019:09:29:20:09:03.2,39.2580383333333,-76.7051166666667,64.1,0,0,95.4,22.7,0,5,160,
100.460833333333,2019:09:29:20:09:03.4,39.258035,-76.7050966666667,64.1,0,0,96,25.6,0,5,160,
100.659166666667,2019:09:29:20:09:03.6,39.2580316666667,-76.705075,64.2,0,0,95.19,27.3,0,5,160,
100.859166666667,2019:09:29:20:09:03.8,39.2580283333333,-76.705055,64.2,0,0,95,28.6,0,5,160,
101.061666666667,2019:09:29:20:09:04.0,39.258025,-76.70503,64.1,0,0,95.69,30.4,0,5,160,
101.259166666667,2019:09:29:20:09:04.2,39.258015,-76.70501,64,0,0,95.8,32.7,0,5,160,
101.459166666667,2019:09:29:20:09:04.4,39.2580133333333,-76.7049866666667,63.9,0,0,95.09,32.3,0,5,209,
101.6575,2019:09:29:20:09:04.6,39.2580133333333,-76.704955,63.8,0,0,94.69,34.2,0,5,160,
101.8575,2019:09:29:20:09:04.8,39.2580116666667,-76.70493,63.8,0,0,94.69,36.5,0,5,160,
102.060833333333,2019:09:29:20:09:05.0,39.25801,-76.704905,63.8,0,0,95.19,35.9,0,5,160,
102.259166666667,2019:09:29:20:09:05.2,39.2580083333333,-76.70488,63.8,0,0,95.09,36,0,5,160,
102.46,2019:09:29:20:09:05.4,39.2580066666667,-76.704855,63.8,0,0,94.9,35.7,0,5,160,
102.656666666667,2019:09:29:20:09:05.6,39.2580033333333,-76.7048266666667,63.7,0,0,95,37.7,0,5,209,
102.858333333333,2019:09:29:20:09:05.8,39.2580033333333,-76.7048033333333,63.7,0,0,94.69,38.3,0,5,160,
103.058333333333,2019:09:29:20:09:06.0,39.2580016666667,-76.7047783333333,63.7,0,0,94.19,38.2,0,5,160,
103.260833333333,2019:09:29:20:09:06.2,39.2580016666667,-76.7047483333333,63.7,0,0,92.9,37.9,0,5,160,
103.466666666667,2019:09:29:20:09:06.4,39.258,-76.7047216666667,63.7,0,0,92.19,39.8,0,5,160,
103.66,2019:09:29:20:09:06.6,39.2580016666667,-76.704695,63.6,0,0,90.8,40.2,0,5,160,
103.860833333333,2019:09:29:20:09:06.8,39.258,-76.7046633333333,63.6,0,0,91.59,39,0,5,160,
104.060833333333,2019:09:29:20:09:07.0,39.258,-76.7046316666667,63.6,0,0,91.69,42,0,5,160,
104.258333333333,2019:09:29:20:09:07.2,39.2580016666667,-76.7045983333333,63.4,0,0,92.3,41.8,0,5,160,
104.461666666667,2019:09:29:20:09:07.4,39.2579983333333,-76.7045683333333,63.4,0,0,93.69,42.1,0,5,160,
104.659166666667,2019:09:29:20:09:07.6,39.2579916666667,-76.7045366666667,63.3,0,0,96.59,42.6,0,5,160,
104.859166666667,2019:09:29:20:09:07.8,39.2579866666667,-76.7045083333333,63.3,0,0,99.9,43.8,0,5,209,
105.061666666667,2019:09:29:20:09:08.0,39.2579816666667,-76.7044866666667,63.2,0,0,102.59,40.5,0,5,160,
105.255833333333,2019:09:29:20:09:08.2,39.2579733333333,-76.7044666666667,63.2,0,0,108.59,38.2,0,4,200,
105.456666666667,2019:09:29:20:09:08.4,39.2579616666667,-76.7044516666667,63.1,0,0,116.3,35.1,0,4,200,
105.659166666667,2019:09:29:20:09:08.6,39.2579516666667,-76.7044366666667,63.1,0,0,121.4,34.4,0,5,160,
105.86,2019:09:29:20:09:08.8,39.257935,-76.70444,63.1,0,0,136.69,27.8,0,5,160,
106.059166666667,2019:09:29:20:09:09.0,39.25792,-76.704435,63,0,0,147.6,28.9,0,5,160,
106.26,2019:09:29:20:09:09.2,39.2579033333333,-76.7044316666667,63,0,0,156,28.5,0,5,160,
106.46,2019:09:29:20:09:09.4,39.2578866666667,-76.7044283333333,62.9,0,0,162,29.3,0,5,209,
106.66,2019:09:29:20:09:09.6,39.2578716666667,-76.7044216666667,62.9,0,0,164.19,28.4,0,5,160,
106.860833333333,2019:09:29:20:09:09.8,39.2578583333333,-76.7044183333333,62.9,0,0,164.8,28.4,0,5,160,
107.060833333333,2019:09:29:20:09:10.0,39.2578433333333,-76.7044133333333,62.8,0,0,166.6,29.1,0,5,160,
107.259166666667,2019:09:29:20:09:10.2,39.25783,-76.7044083333333,62.7,0,0,173.69,30.7,0,5,160,
107.46,2019:09:29:20:09:10.4,39.2578183333333,-76.7044083333333,62.7,0,0,178.6,29.6,0,5,160,
107.659166666667,2019:09:29:20:09:10.6,39.257805,-76.7044116666667,62.6,0,0,183,30.4,0,5,160,
107.859166666667,2019:09:29:20:09:10.8,39.2577933333333,-76.7044183333333,62.6,0,0,189.6,30.6,0,5,209,
108.059166666667,2019:09:29:20:09:11.0,39.2577833333333,-76.7044283333333,62.6,0,0,194.5,28.3,0,5,160,
108.259166666667,2019:09:29:20:09:11.2,39.25777,-76.704445,62.4,0,0,199.8,29.3,0,5,209,
108.459166666667,2019:09:29:20:09:11.4,39.257765,-76.704455,62.4,0,0,203.3,24.7,0,5,160,
108.659166666667,2019:09:29:20:09:11.6,39.25776,-76.7044683333333,62.4,0,0,208.89,25.3,0,5,160,
108.86,2019:09:29:20:09:11.8,39.257755,-76.70448,62.3,0,0,213.3,22.1,0,5,209,
109.06,2019:09:29:20:09:12.0,39.25775,-76.7044933333333,62.3,0,0,218.6,18.1,0,5,160,
109.258333333333,2019:09:29:20:09:12.2,39.257745,-76.7045066666667,62.2,0,0,223.39,16.4,0,5,160,
109.460833333333,2019:09:29:20:09:12.4,39.2577516666667,-76.7045266666667,62.2,0,0,242.39,17.5,0,5,160,
109.658333333333,2019:09:29:20:09:12.6,39.2577533333333,-76.7045366666667,62.1,0,0,248.6,16.5,0,5,160,
109.86,2019:09:29:20:09:12.8,39.257755,-76.7045483333333,62.1,0,0,255,14.8,0,5,160,
110.056666666667,2019:09:29:20:09:13.0,39.2577516666667,-76.7045633333333,61.9,0,0,260.5,16.1,0,5,209,
110.259166666667,2019:09:29:20:09:13.2,39.2577533333333,-76.70458,62,0,0,268.2,16.4,0,5,160,
110.459166666667,2019:09:29:20:09:13.4,39.2577583333333,-76.70459,61.9,0,0,271.7,16.7,0,5,160,
110.6575,2019:09:29:20:09:13.6,39.25776,-76.7046016666667,61.8,0,0,275.2,18.2,0,5,160,
110.859166666667,2019:09:29:20:09:13.8,39.2577633333333,-76.7046133333333,61.8,0,0,276.89,17.3,0,5,160,
111.059166666667,2019:09:29:20:09:14.0,39.2577666666667,-76.7046266666667,61.7,0,0,280.7,18.9,0,5,160,
111.26,2019:09:29:20:09:14.2,39.25777,-76.70464,61.7,0,0,282.39,19.7,0,5,160,
111.46,2019:09:29:20:09:14.4,39.2577716666667,-76.7046516666667,61.7,0,0,284,21.3,0,5,160,
111.66,2019:09:29:20:09:14.6,39.2577766666667,-76.7046666666667,61.5,0,0,284.6,23.3,0,5,160,
111.858333333333,2019:09:29:20:09:14.8,39.25778,-76.70468,61.4,0,0,287.5,22.9,0,5,160,
112.0575,2019:09:29:20:09:15.0,39.257785,-76.704695,61.4,0,0,289.7,22.3,0,5,160,
112.258333333333,2019:09:29:20:09:15.2,39.25779,-76.7047066666667,61.4,0,0,291.7,25.7,0,5,160,
112.460833333333,2019:09:29:20:09:15.4,39.257795,-76.7047216666667,61.4,0,0,291,25.5,0,5,160,
112.6575,2019:09:29:20:09:15.6,39.2578,-76.704735,61.4,0,0,291.89,26.6,0,5,160,
112.860833333333,2019:09:29:20:09:15.8,39.257805,-76.70475,61.3,0,0,293.5,27.6,0,5,160,
113.0625,2019:09:29:20:09:16.0,39.2578083333333,-76.7047633333333,61.4,0,0,294.39,26.7,0,5,160,
113.258333333333,2019:09:29:20:09:16.2,39.257815,-76.70478,61.4,0,0,294.6,28.1,0,5,160,
113.463333333333,2019:09:29:20:09:16.4,39.25782,-76.7047933333333,61.4,0,0,294.89,28.8,0,5,160,
113.659166666667,2019:09:29:20:09:16.6,39.2578266666667,-76.7048083333333,61.4,0,0,295.29,28,0,5,160,
113.860833333333,2019:09:29:20:09:16.8,39.2578316666667,-76.70483,61.4,0,0,297.1,28.2,0,5,160,
114.059166666667,2019:09:29:20:09:17.0,39.2578383333333,-76.7048483333333,61.3,0,0,296,28.8,0,5,160,
114.2575,2019:09:29:20:09:17.2,39.25785,-76.704865,60.9,0,0,296.1,28.8,0,5,220,
114.46,2019:09:29:20:09:17.4,39.2578566666667,-76.7048816666667,60.8,0,0,296.29,27.9,0,5,160,
114.659166666667,2019:09:29:20:09:17.6,39.2578633333333,-76.7048983333333,60.8,0,0,297.1,28.8,0,5,160,
114.8625,2019:09:29:20:09:17.8,39.25787,-76.704915,60.7,0,0,297.7,29.3,0,5,160,
115.06,2019:09:29:20:09:18.0,39.2578766666667,-76.7049333333333,60.7,0,0,297.29,29.8,0,5,160,
115.261666666667,2019:09:29:20:09:18.2,39.2578833333333,-76.70495,60.6,0,0,296.1,30.9,0,5,160,
115.46,2019:09:29:20:09:18.4,39.25789,-76.7049666666667,60.5,0,0,294.2,29.5,0,5,160,
115.66,2019:09:29:20:09:18.6,39.2578966666667,-76.7049833333333,60.3,0,0,294.1,29.2,0,5,160,
115.86,2019:09:29:20:09:18.8,39.257905,-76.705,60.2,0,0,294.6,28,0,5,160,
116.06,2019:09:29:20:09:19.0,39.25791,-76.7050166666667,60.2,0,0,294.7,26.7,0,5,160,
116.26,2019:09:29:20:09:19.2,39.257915,-76.7050316666667,60.1,0,0,294.6,27.6,0,5,160,
116.46,2019:09:29:20:09:19.4,39.25792,-76.705045,60,0,0,293.39,25.1,0,5,160,
116.659166666667,2019:09:29:20:09:19.6,39.2579233333333,-76.705055,59.9,0,0,293.7,25.7,0,5,160,
116.86,2019:09:29:20:09:19.8,39.2579283333333,-76.7050666666667,59.8,0,0,294.1,23.6,0,5,160,
117.06,2019:09:29:20:09:20.0,39.2579333333333,-76.7050816666667,59.7,0,0,293.79,23.6,0,5,160,
117.263333333333,2019:09:29:20:09:20.2,39.2579383333333,-76.705095,59.7,0,0,292.2,22.7,0,5,160,
117.463333333333,2019:09:29:20:09:20.4,39.2579416666667,-76.70511,59.6,0,0,291.7,23,0,5,160,
117.658333333333,2019:09:29:20:09:20.6,39.2579466666667,-76.7051216666667,59.5,0,0,291.7,21,0,5,160,
117.859166666667,2019:09:29:20:09:20.8,39.2579516666667,-76.705135,59.5,0,0,291.1,22,0,5,160,
118.06,2019:09:29:20:09:21.0,39.257955,-76.705145,59.5,0,0,292.89,18.9,0,5,160,
118.259166666667,2019:09:29:20:09:21.2,39.2579583333333,-76.7051566666667,59.4,0,0,293.2,20.2,0,5,160,
118.461666666667,2019:09:29:20:09:21.4,39.2579633333333,-76.7051683333333,59.4,0,0,291.6,18,0,5,160,
118.659166666667,2019:09:29:20:09:21.6,39.257965,-76.7051783333333,59.4,0,0,290.29,15.1,0,5,220,
118.86,2019:09:29:20:09:21.8,39.2579683333333,-76.7051883333333,59.3,0,0,289.7,14,0,5,160,
119.059166666667,2019:09:29:20:09:22.0,39.2579716666667,-76.7051983333333,59.3,0,0,288.1,14.2,0,5,160,
119.26,2019:09:29:20:09:22.2,39.2579716666667,-76.705205,59.2,0,0,288.39,12.6,0,5,160,
119.460833333333,2019:09:29:20:09:22.4,39.2579683333333,-76.7052083333333,59.1,0,0,287.79,10.3,0,5,220,
119.6575,2019:09:29:20:09:22.6,39.2579683333333,-76.7052133333333,59.1,0,0,286.1,10.3,0,5,220,
119.859166666667,2019:09:29:20:09:22.8,39.25797,-76.7052183333333,58.9,0,0,286.7,8.5,0,5,220,
120.0625,2019:09:29:20:09:23.0,39.2579733333333,-76.70522,58.8,0,0,283.7,7.4,0,5,220,
120.2575,2019:09:29:20:09:23.2,39.2579733333333,-76.705225,58.8,0,0,281.79,7.2,0,5,220,
120.458333333333,2019:09:29:20:09:23.4,39.2579716666667,-76.70523,58.9,0,0,282.1,6.9,0,5,220,
120.660833333333,2019:09:29:20:09:23.6,39.2579716666667,-76.70523,58.9,0,0,286.2,6.5,0,5,160,
120.86,2019:09:29:20:09:23.8,39.257975,-76.7052333333333,58.8,0,0,289.29,5.3,0,5,160,
121.063333333333,2019:09:29:20:09:24.0,39.2579733333333,-76.7052366666667,58.8,0,0,284.79,4.3,0,5,160,
121.265,2019:09:29:20:09:24.2,39.2579733333333,-76.705235,58.8,0,0,284.79,4.6,0,5,160,
121.465833333333,2019:09:29:20:09:24.4,39.2579733333333,-76.7052366666667,58.7,0,0,284.79,3.6,0,5,160,
121.659166666667,2019:09:29:20:09:24.6,39.25797,-76.7052383333333,58.7,0,0,284.79,2.2,0,5,160,
121.860833333333,2019:09:29:20:09:24.8,39.2579683333333,-76.7052383333333,58.6,0,0,284.79,2.6,0,5,160,
122.060833333333,2019:09:29:20:09:25.0,39.2579666666667,-76.705235,58.6,0,0,284.79,1.4,0,5,160,
122.259166666667,2019:09:29:20:09:25.2,39.257965,-76.7052316666667,58.5,0,0,284.79,1.7,0,5,160,
122.460833333333,2019:09:29:20:09:25.4,39.2579633333333,-76.70523,58.5,0,0,284.79,0.4,0,5,160,
122.660833333333,2019:09:29:20:09:25.6,39.25796,-76.70523,58.5,0,0,284.79,0.8,0,5,160,
122.861666666667,2019:09:29:20:09:25.8,39.2579566666667,-76.7052266666667,58.4,0,0,284.79,1.5,0,5,160,
123.06,2019:09:29:20:09:26.0,39.2579533333333,-76.705225,58.4,0,0,284.79,1.3,0,5,160,
123.259166666667,2019:09:29:20:09:26.2,39.25795,-76.7052233333333,58.3,0,0,284.79,0.5,0,5,160,
123.4625,2019:09:29:20:09:26.4,39.2579483333333,-76.7052233333333,58.3,0,0,284.79,0,0,5,160,
123.661666666667,2019:09:29:20:09:26.6,39.2579466666667,-76.7052233333333,58.3,0,0,284.79,1.1,0,5,160,
123.861666666667,2019:09:29:20:09:26.8,39.257945,-76.7052216666667,58.3,0,0,284.79,0.7,0,5,160,
124.061666666667,2019:09:29:20:09:27.0,39.2579433333333,-76.70522,58.3,0,0,284.79,0,0,5,160,
124.26,2019:09:29:20:09:27.2,39.2579416666667,-76.7052183333333,58.3,0,0,284.79,1.2,0,5,160,
124.460833333333,2019:09:29:20:09:27.4,39.25794,-76.7052183333333,58.2,0,0,284.79,0.9,0,5,220,
124.6625,2019:09:29:20:09:27.6,39.2579383333333,-76.7052183333333,58.2,0,0,284.79,0.7,0,5,160,
124.86,2019:09:29:20:09:27.8,39.2579383333333,-76.7052183333333,58.1,0,0,284.79,0.3,0,5,160,
125.06,2019:09:29:20:09:28.0,39.2579383333333,-76.7052183333333,58.1,0,0,284.79,0.3,0,5,160,
125.260833333333,2019:09:29:20:09:28.2,39.2579383333333,-76.7052183333333,58.1,0,0,284.79,0.5,0,5,160,
125.460833333333,2019:09:29:20:09:28.4,39.2579383333333,-76.7052183333333,58.1,0,0,284.79,0.5,0,5,160,
125.6625,2019:09:29:20:09:28.6,39.2579383333333,-76.7052183333333,58.1,0,0,284.79,0.1,0,5,160,
125.860833333333,2019:09:29:20:09:28.8,39.2579383333333,-76.7052183333333,58.1,0,0,284.79,1.2,0,5,160,
126.060833333333,2019:09:29:20:09:29.0,39.2579383333333,-76.7052183333333,58.1,0,0,284.79,0.5,0,5,160,
126.259166666667,2019:09:29:20:09:29.2,39.2579383333333,-76.7052183333333,58.1,0,0,284.79,0.2,0,5,160,
126.460833333333,2019:09:29:20:09:29.4,39.2579383333333,-76.7052183333333,58.1,0,0,284.79,0,0,5,160,
126.660833333333,2019:09:29:20:09:29.6,39.2579383333333,-76.7052183333333,58.1,0,0,284.79,1.2,0,5,160,
126.858333333333,2019:09:29:20:09:29.8,39.2579383333333,-76.7052183333333,58.1,0,0,284.79,1.4,0,5,160,
127.061666666667,2019:09:29:20:09:30.0,39.2579383333333,-76.7052183333333,58.1,0,0,284.79,1.2,0,5,160,
127.260833333333,2019:09:29:20:09:30.2,39.2579383333333,-76.7052166666667,58.1,0,0,284.79,0.2,0,5,160,
127.459166666667,2019:09:29:20:09:30.4,39.2579383333333,-76.7052166666667,58.1,0,0,284.79,1.6,0,5,160,
127.660833333333,2019:09:29:20:09:30.6,39.2579383333333,-76.7052166666667,58,0,0,284.79,0,0,5,160,
127.859166666667,2019:09:29:20:09:30.8,39.2579383333333,-76.7052166666667,58,0,0,284.79,1.4,0,5,160,
128.060833333333,2019:09:29:20:09:31.0,39.2579383333333,-76.7052166666667,58,0,0,284.79,1.2,0,5,160,
128.260833333333,2019:09:29:20:09:31.2,39.2579383333333,-76.7052166666667,58,0,0,284.79,1.4,0,5,160,
128.459166666667,2019:09:29:20:09:31.4,39.2579383333333,-76.7052166666667,58,0,0,284.79,1.2,0,5,160,
128.660833333333,2019:09:29:20:09:31.6,39.2579383333333,-76.7052166666667,58,0,0,284.79,1.2,0,5,160,
128.86,2019:09:29:20:09:31.8,39.2579383333333,-76.7052166666667,58,0,0,284.79,0.7,0,5,160,
129.06,2019:09:29:20:09:32.0,39.2579383333333,-76.7052166666667,58,0,0,284.79,1.2,0,5,160,
129.258333333333,2019:09:29:20:09:32.2,39.2579383333333,-76.7052166666667,58,0,0,284.79,0.9,0,5,160,
129.458333333333,2019:09:29:20:09:32.4,39.2579383333333,-76.7052166666667,58,0,0,284.79,0.7,0,5,160,
129.660833333333,2019:09:29:20:09:32.6,39.2579383333333,-76.7052166666667,58,0,0,284.79,1.2,0,5,160,
129.861666666667,2019:09:29:20:09:32.8,39.2579383333333,-76.7052166666667,58,0,0,284.79,1.2,0,5,160,
130.06,2019:09:29:20:09:33.0,39.2579383333333,-76.7052166666667,58,0,0,284.79,0.9,0,5,160,
130.26,2019:09:29:20:09:33.2,39.2579383333333,-76.7052166666667,58,0,0,284.79,1.2,0,5,160,
130.459166666667,2019:09:29:20:09:33.4,39.2579383333333,-76.7052166666667,58,0,0,284.79,0.9,0,5,160,
130.659166666667,2019:09:29:20:09:33.6,39.2579383333333,-76.7052166666667,58,0,0,284.79,1.6,0,5,160,
130.860833333333,2019:09:29:20:09:33.8,39.2579383333333,-76.7052166666667,58,0,0,284.79,1.2,0,5,160,
131.0575,2019:09:29:20:09:34.0,39.2579383333333,-76.7052166666667,58,0,0,284.79,1.4,0,5,160,
131.260833333333,2019:09:29:20:09:34.2,39.2579383333333,-76.7052166666667,58,0,0,284.79,1.2,0,5,160,
131.461666666667,2019:09:29:20:09:34.4,39.2579383333333,-76.7052166666667,58,0,0,284.79,1.6,0,5,160,
131.661666666667,2019:09:29:20:09:34.6,39.2579383333333,-76.705215,58,0,0,284.79,1.4,0,5,160,
131.86,2019:09:29:20:09:34.8,39.2579383333333,-76.705215,58,0,0,284.79,0,0,5,160,
132.059166666667,2019:09:29:20:09:35.0,39.2579383333333,-76.705215,58,0,0,284.79,1.4,0,5,160,
132.258333333333,2019:09:29:20:09:35.2,39.2579383333333,-76.705215,58,0,0,284.79,1.4,0,5,160,
132.459166666667,2019:09:29:20:09:35.4,39.2579383333333,-76.705215,58,0,0,284.79,1.1,0,5,160,
132.659166666667,2019:09:29:20:09:35.6,39.2579383333333,-76.705215,58,0,0,284.79,1.1,0,5,160,
132.86,2019:09:29:20:09:35.8,39.2579383333333,-76.705215,58,0,0,284.79,0,0,5,160,
133.061666666667,2019:09:29:20:09:36.0,39.2579383333333,-76.705215,58,0,0,284.79,1.2,0,5,160,
133.2625,2019:09:29:20:09:36.2,39.2579383333333,-76.705215,58,0,0,284.79,0.3,0,5,160,
133.46,2019:09:29:20:09:36.4,39.2579383333333,-76.705215,58,0,0,284.79,0.2,0,5,160,
133.66,2019:09:29:20:09:36.6,39.2579383333333,-76.705215,58,0,0,284.79,1.6,0,5,160,
133.860833333333,2019:09:29:20:09:36.8,39.2579383333333,-76.705215,58,0,0,284.79,1.1,0,5,160,
134.064166666667,2019:09:29:20:09:37.0,39.2579383333333,-76.705215,58,0,0,284.79,1.4,0,5,160,
134.263333333333,2019:09:29:20:09:37.2,39.2579383333333,-76.705215,58,0,0,284.79,1.4,0,5,160,
134.46,2019:09:29:20:09:37.4,39.2579383333333,-76.705215,58,0,0,284.79,1.4,0,5,160,
134.66,2019:09:29:20:09:37.6,39.2579383333333,-76.705215,58,0,0,284.79,0.1,0,5,160,
134.859166666667,2019:09:29:20:09:37.8,39.2579383333333,-76.705215,58,0,0,284.79,0.3,0,5,160,
135.059166666667,2019:09:29:20:09:38.0,39.2579383333333,-76.705215,58,0,0,284.79,0.3,0,5,160,
135.256666666667,2019:09:29:20:09:38.2,39.2579383333333,-76.705215,58,0,0,284.79,0.1,0,5,160,
135.459166666667,2019:09:29:20:09:38.4,39.2579383333333,-76.705215,58,0,0,284.79,0,0,5,160,
135.656666666667,2019:09:29:20:09:38.6,39.2579383333333,-76.705215,58,0,0,284.79,0.1,0,5,160,
135.86,2019:09:29:20:09:38.8,39.2579383333333,-76.705215,58,0,0,284.79,0,0,5,160,
136.059166666667,2019:09:29:20:09:39.0,39.2579383333333,-76.705215,58,0,0,284.79,0,0,5,160,
136.256666666667,2019:09:29:20:09:39.2,39.2579383333333,-76.705215,58,0,0,284.79,0.1,0,5,160,
136.459166666667,2019:09:29:20:09:39.4,39.2579383333333,-76.705215,58,0,0,284.79,0.1,0,5,160,
136.656666666667,2019:09:29:20:09:39.6,39.2579383333333,-76.705215,58,0,0,284.79,0.1,0,5,160,
136.8575,2019:09:29:20:09:39.8,39.2579383333333,-76.705215,58,0,0,284.79,0,0,5,160,
137.059166666667,2019:09:29:20:09:40.0,39.2579383333333,-76.705215,58,0,0,284.79,0.1,0,5,160,
137.259166666667,2019:09:29:20:09:40.2,39.2579383333333,-76.705215,58,0,0,284.79,0.1,0,5,160,
137.46,2019:09:29:20:09:40.4,39.2579383333333,-76.705215,58,0,0,284.79,0.1,0,5,160,
137.659166666667,2019:09:29:20:09:40.6,39.2579383333333,-76.705215,58,0,0,284.79,0,0,5,160,
137.856666666667,2019:09:29:20:09:40.8,39.2579383333333,-76.705215,58,0,0,284.79,0,0,5,160,
138.058333333333,2019:09:29:20:09:41.0,39.2579383333333,-76.705215,58,0,0,284.79,0,0,5,160,
138.26,2019:09:29:20:09:41.2,39.2579383333333,-76.705215,58,0,0,284.79,0,0,5,160,
138.458333333333,2019:09:29:20:09:41.4,39.2579383333333,-76.705215,58,0,0,284.79,0,0,5,160,
138.66,2019:09:29:20:09:41.6,39.2579383333333,-76.705215,58,0,0,284.79,0.1,0,5,160,
138.860833333333,2019:09:29:20:09:41.8,39.2579383333333,-76.705215,58,0,0,284.79,0.1,0,5,160,
139.061666666667,2019:09:29:20:09:42.0,39.2579383333333,-76.705215,58,0,0,284.79,0,0,5,160,
139.261666666667,2019:09:29:20:09:42.2,39.2579383333333,-76.705215,58,0,0,284.79,0.1,0,5,160,
